7967 19th Avenue,"$1,888,000",,,,,,,,,,,,,,,,,,,,,,
7873 14th Avenue,"$2,967,000","$4,582",,0,0,house,,freehold nonstrata,other,,,,,east burnaby,26 days,89,r2762066,rebgv,50.00 feet,50 ft x 120 ft (6000 ft²),built in 1984 (39 yrs old),120,0
7639 6th Street,"$2,967,000","$11,010",,0,0,house,,freehold nonstrata,other,,,,,east burnaby,26 days,54,r2762064,rebgv,60.00 feet,60 ft x 100 ft (6000 ft²),,100,0
7629 6th Street,"$2,967,000",,,,,,,,,,,,,,,,,,,,,,
7720 7722 Graham Avenue,"$2,199,999","$4,549",,8,3,multifamily,,freehold nonstrata,,,,,,east burnaby,40 days,581,r2758423,rebgv,143.00 feet,143 ft x 60 ft (8580 ft²),built in 1955 (68 yrs old),60,0
7993 14th Avenue,"$1,899,000",,,,,,,,,,,,,,,,,,,,,,
8040 16th Avenue,"$2,489,000",,,,,,,,,,,,,,,,,,,,,,
7323 6th Street,"$2,099,000","$10,007",$0,5,2,multifamily,,freehold nonstrata,,,,,,east burnaby,85 days,454,r2747926,rebgv,43.00 feet,43 ft x 143 ft (6103 ft²),built in 1951 (72 yrs old),143,2
7515 2nd Street,"$2,678,000","$3,833",,6,5,house,,freehold nonstrata,"2 storey w/bsmt.,3 storey w/bsmt","heat recovery ventilator, hot water,natural gas,radiant","garage door opener, heat recovery ventilator, security system, vacuum - built in, wet bar",,"in suite laundry, microwave, washer/dryer/fridge/stove/dishwasher",east burnaby,1 day,,r2768560,rebgv,34.78 feet,34 ft x 110 ft (3820 ft²),built in 2023 (0 yrs old),110,1
7753 13th Avenue,"$2,798,000",,,,,,,,,,,,,,,,,,,,,,
7732 1st Street,"$1,689,000","$4,697",,6,2,house,,freehold nonstrata,"2 storey,basement entry",forced air,,"recreation nearby, shopping nearby",washer/dryer/fridge/stove/dishwasher,east burnaby,7 days,440,r2766779,rebgv,0.00 feet,6711 ft²,built in 1958 (65 yrs old),,0
7936 15th Avenue,"$2,898,000","$4,560",,7,4,house,,freehold nonstrata,2 storey w/bsmt.,,,,,east burnaby,18 days,381,r2764127,rebgv,50.00 feet,50 ft x 120 ft (6000 ft²),built in 2023 (0 yrs old),120,2
8488 17th Avenue,"$1,650,000","$3,954",,4,2,house,,freehold nonstrata,2 storey,"forced air,natural gas",storage shed,"recreation center, restaurant","refrigerator, stove",east burnaby,19 days,303,r2762936,rebgv,66.00 feet,6138 ft²,built in 1962 (61 yrs old),,0
7957 15th Avenue,"$2,458,000","$5,746",,6,4,house,,freehold nonstrata,2 storey w/bsmt.,"hot water,natural gas","drapes/window coverings, garage door opener, security system",,washer/dryer/fridge/stove/dishwasher,east burnaby,28 days,272,r2761580,rebgv,50.00 feet,50 ft x 120 ft (6000 ft²),built in 1995 (28 yrs old),120,1
7487 2nd Street,"$1,790,000",,,,,,,,,,,,,,,,,,,,,,
7923 16th Avenue,"$1,999,999","$4,933",,6,4,house,,freehold nonstrata,2 storey,radiant,,"recreation nearby, shopping nearby","in suite laundry, washer/dryer/fridge/stove/dishwasher",east burnaby,48 days,1223,r2756255,rebgv,53.00 feet,53 ft x 111 ft (5883 ft²),built in 1997 (26 yrs old),111,0
107 7499 6th Street,"$969,900","$2,462",$275,3,2,townhouse,,freehold strata,3 storey,"baseboard,electric",,"recreation nearby, shopping nearby, storage",in suite laundry,east burnaby,55 days,2637,r2754885,rebgv,,,built in 2018 (5 yrs old),,1
8010 17th Avenue,"$2,698,888",,,,,,,,,,,,,,,,,,,,,,
8087 14th Avenue,"$2,349,000","$5,731",,4,2,house,,freehold nonstrata,2 storey,forced air,,"air conditioning, central air conditioning, shopping nearby, storage","microwave, washer/dryer/fridge/stove/dishwasher",east burnaby,92 days,1268,r2746331,rebgv,0.00 feet,0 ft x 0 ft (7446 ft²),built in 2007 (16 yrs old),0,1
7975 18th Avenue,"$1,699,888","$4,540",,6,2,house,,freehold nonstrata,rancher/bungalow w/bsmt.,"forced air,wood",,"recreation nearby, shopping nearby, storage","in suite laundry, washer/dryer/fridge/stove/dishwasher",east burnaby,154 days,1509,r2738287,rebgv,50.00 feet,50 ft x 120 ft (6000 ft²),built in 1950 (73 yrs old),120,0
7967 19th Avenue,"$1,888,000",,,,,,,,,,,,,,,,,,,,,,
606 7169 14th Avenue,"$649,800","$1,560",$278,1,1,apt/condo,,freehold strata,"penthouse,upper unit","baseboard,electric","drapes/window coverings, elevator","exercise room, recreation nearby, shopping nearby, storage","in suite laundry, microwave, washer/dryer/fridge/stove/dishwasher",edmonds,5 days,159,r2767962,rebgv,,,built in 2021 (2 yrs old),,0
8768 Armstrong Avenue,"$3,098,000",,,,,,,,,,,,,,,,,,,,,,
2001 2388 Madison Avenue,"$929,900","$2,512",$405,2,2,apt/condo,,freehold strata,1 storey,"baseboard,electric",,"bike room, golf course nearby, hot tub, recreation nearby, sauna, shopping nearby","in suite laundry, washer/dryer/fridge/stove/dishwasher",brentwood park,22 days,1102,r2762508,rebgv,,,built in 2019 (4 yrs old),,0
5055 Georgia Street,"$2,450,000",,,,,,,,,,,,,,,,,,,,,,
415 9283 Government Street,"$589,000",,,,,,,,,,,,,,,,,,,,,,
103 3738 Norfolk Street,"$620,000","$1,496",$524,2,2,apt/condo,,freehold strata,ground level unit,"baseboard,electric","cul-de-sac, garden","bike room, recreation nearby, shopping nearby, storage, wheelchair access","in suite laundry, washer/dryer/fridge/stove/dishwasher",central burnaby north,1 day,,r2768841,rebgv,,,built in 1993 (30 yrs old),,0
2220 Windwood Place,"$2,480,000",,,,,,,,,,,,,,,,,,,,,,
1401 3980 Carrigan Court,"$849,900",,,,,,,,,,,,,,,,,,,,,,
7464 Kilrea Crescent,"$2,499,880",,,,,,,,,,,,,,,,,,,,,,
2001 691 North Road,"$848,000",,,,,,,,,,,,,,,,,,,,,,
2220 Dauphin Place,"$1,999,900","$5,629",,4,2,house,,freehold nonstrata,3 level split,"forced air,natural gas","cul-de-sac, drapes/window coverings, security system","air conditioning, golf course nearby, recreation nearby, shopping nearby","washer/dryer/fridge/stove/dishwasher, wine cooler",parkcrest,5 days,1003,r2767769,rebgv,60.00 feet,60 ft x 123 ft (7372 ft²),built in 1971 (52 yrs old),123,1
204 9127 Capella Drive,"$499,000",,,,,,,,,,,,,,,,,,,,,,
404 9888 University Crescent,"$764,900",,,,,,,,,,,,,,,,,,,,,,
1531 Giles Place,"$1,348,000",,,,,,,,,,,,,,,,,,,,,,
207 9888 Cameron Street,"$699,999","$1,649",$394,2,0,apt/condo,,freehold strata,1 storey,"baseboard,electric","elevator, garage door opener, garden, pantry, smoke alarm, sprinkler - fire","bike room, exercise room, golf course nearby, recreation nearby, shopping nearby, storage","in suite laundry, microwave, washer/dryer/fridge/stove/dishwasher",sullivan heights,12 days,514,r2766156,rebgv,,,built in 2009 (14 yrs old),,2
7967 19th Avenue,"$1,888,000",$0,$0,4,3,duplex,,freehold strata,2 storey,"hot water,natural gas,radiant","drapes/window coverings, garage door opener, security system, vacuum - built in, vaulted ceiling, wet bar","air conditioning, shopping nearby","microwave, washer/dryer/fridge/stove/dishwasher, wine cooler",east burnaby,22 days,887,r2762651,rebgv,65.45 feet,65 ft x 155 ft (10166 ft²),built in 2023 (0 yrs old),155.31,1
606 7169 14th Avenue,"$649,800",,,,,,,,,,,,,,,,,,,,,,
425 7058 14th Avenue,"$599,800",,,,,,,,,,,,,,,,,,,,,,
4 7563 Humphries Court,"$699,000","$1,840",$499,3,2,townhouse,,freehold strata,3 storey,"baseboard,electric",garage door opener,"recreation nearby, shopping nearby","in suite laundry, washer/dryer/fridge/stove/dishwasher",edmonds,12 days,2246,r2766074,rebgv,,,built in 1979 (44 yrs old),,0
230 7333 16th Avenue,"$700,000","$1,756",$240,2,2,townhouse,,freehold strata,2 storey,"baseboard,electric",,"bike room, recreation nearby, shopping nearby, storage","in suite laundry, washer/dryer/fridge/stove/dishwasher",edmonds,19 days,1234,r2762693,rebgv,,,built in 2007 (16 yrs old),,0
1606 7303 Noble Lane,"$699,800","$1,704",$1,1,1,apt/condo,,freehold strata,1 storey,"forced air,heat pump",,"air conditioning, recreation nearby","dishwasher, in suite laundry, washer/dryer/fridge/stove/dishwasher",edmonds,20 days,338,r2763574,rebgv,,,built in 2019 (4 yrs old),,0
7535 Burgess Street,"$2,999,999","$7,525",,8,3,house,,freehold nonstrata,3 storey,forced air,smoke alarm,,washer/dryer/fridge/stove/dishwasher,edmonds,28 days,344,r2761569,rebgv,58.80 feet,58 ft x 179 ft (10561 ft²),built in 2019 (4 yrs old),179.6,1
7386 Humphries Avenue,"$2,400,000","$4,665",,3,1,house,,freehold nonstrata,2 storey w/bsmt.,forced air,,"recreation nearby, shopping nearby","in suite laundry, washer/dryer/fridge/stove/dishwasher",edmonds,42 days,845,r2758350,rebgv,66.00 feet,66 ft x 113 ft (7458 ft²),built in 1918 (105 yrs old),113,0
7513 16th Avenue,"$1,799,000","$5,963",,4,3,duplex,,freehold nonstrata,2 storey,"heat recovery ventilator, hot water,radiant","garage door opener, heat recovery ventilator, smoke alarm","air conditioning, central air conditioning","in suite laundry, microwave, washer/dryer/fridge/stove/dishwasher",edmonds,72 days,1993,r2750447,rebgv,66.00 feet,66 ft x 113 ft (7458 ft²),built in 2023 (0 yrs old),113,1
7515 16th Avenue,"$1,799,000","$5,963",,4,3,duplex,,freehold nonstrata,2 storey,"heat recovery ventilator, hot water,radiant","garage door opener, heat recovery ventilator, smoke alarm","air conditioning, central air conditioning","in suite laundry, microwave, washer/dryer/fridge/stove/dishwasher",edmonds,72 days,1045,r2750450,rebgv,66.00 feet,66 ft x 113 ft (7458 ft²),built in 2023 (0 yrs old),113,1
7423 13 Avenue,"$629,900","$1,765",$400,2,1,townhouse,,freehold strata,2 storey w/bsmt.,forced air,"garage door opener, smoke alarm","golf course nearby, recreation nearby, shopping nearby","in suite laundry, microwave, washer/dryer/fridge/stove/dishwasher",edmonds,81 days,2855,r2748557,rebgv,,,built in 1973 (50 yrs old),,1
2 7136 18th Avenue,"$999,900",,,,,,,,,,,,,,,,,,,,,,
7675 Burgess Street,"$2,498,000","$3,757",,5,6,house,,freehold nonstrata,3 storey,"hot water,radiant","drapes/window coverings, garage door opener, security system, vacuum - built in","air conditioning, shopping nearby","microwave, washer/dryer/fridge/stove/dishwasher, wine cooler",edmonds,138 days,1691,r2741101,rebgv,33.00 feet,33 ft x 110 ft (3630 ft²),built in 2023 (0 yrs old),110,2
2507 7303 Noble Lane,"$898,000",,,,,,,,,,,,,,,,,,,,,,
2501 7088 18th Avenue,"$699,000","$1,592",$300,1,1,apt/condo,,freehold strata,"1 storey,upper unit","baseboard,electric","elevator, fireplace insert, garage door opener, garden, smoke alarm, sprinkler - fire","exercise room, hot tub, recreation nearby, sauna, shopping nearby","in suite laundry, microwave, washer/dryer/fridge/stove/dishwasher",edmonds,223 days,1414,r2721731,rebgv,,,built in 2007 (16 yrs old),,0
13 7136 18th Avenue,"$698,888",,,,,,,,,,,,,,,,,,,,,,
2309 7088 18th Avenue,"$668,000","$1,637",$322,1,1,apt/condo,,freehold strata,upper unit,baseboard,"elevator, garden","exercise room, hot tub, recreation nearby, shopping nearby","in suite laundry, washer/dryer/fridge/stove/dishwasher",edmonds,4 days,100,r2768320,rebgv,,,built in 2007 (16 yrs old),,0
7333 Ethel Avenue,"$1,858,888",,,,,,,,,,,,,,,,,,,,,,
2501 7303 Noble Lane,"$678,000",,,,,,,,,,,,,,,,,,,,,,
606 7169 14th Avenue,"$649,800","$1,560",$278,1,1,apt/condo,,freehold strata,"penthouse,upper unit","baseboard,electric","drapes/window coverings, elevator","exercise room, recreation nearby, shopping nearby, storage","in suite laundry, microwave, washer/dryer/fridge/stove/dishwasher",edmonds,5 days,159,r2767962,rebgv,,,built in 2021 (2 yrs old),,0
425 7058 14th Avenue,"$599,800",,,,,,,,,,,,,,,,,,,,,,
4 7563 Humphries Court,"$699,000","$1,840",$499,3,2,townhouse,,freehold strata,3 storey,"baseboard,electric",garage door opener,"recreation nearby, shopping nearby","in suite laundry, washer/dryer/fridge/stove/dishwasher",edmonds,12 days,2246,r2766074,rebgv,,,built in 1979 (44 yrs old),,0
230 7333 16th Avenue,"$700,000",,,,,,,,,,,,,,,,,,,,,,
1606 7303 Noble Lane,"$699,800","$1,704",$1,1,1,apt/condo,,freehold strata,1 storey,"forced air,heat pump",,"air conditioning, recreation nearby","dishwasher, in suite laundry, washer/dryer/fridge/stove/dishwasher",edmonds,20 days,338,r2763574,rebgv,,,built in 2019 (4 yrs old),,0
7535 Burgess Street,"$2,999,999","$7,525",,8,3,house,,freehold nonstrata,3 storey,forced air,smoke alarm,,washer/dryer/fridge/stove/dishwasher,edmonds,28 days,344,r2761569,rebgv,58.80 feet,58 ft x 179 ft (10561 ft²),built in 2019 (4 yrs old),179.6,1
7386 Humphries Avenue,"$2,400,000","$4,665",,3,1,house,,freehold nonstrata,2 storey w/bsmt.,forced air,,"recreation nearby, shopping nearby","in suite laundry, washer/dryer/fridge/stove/dishwasher",edmonds,42 days,845,r2758350,rebgv,66.00 feet,66 ft x 113 ft (7458 ft²),built in 1918 (105 yrs old),113,0
7513 16th Avenue,"$1,799,000","$5,963",,4,3,duplex,,freehold nonstrata,2 storey,"heat recovery ventilator, hot water,radiant","garage door opener, heat recovery ventilator, smoke alarm","air conditioning, central air conditioning","in suite laundry, microwave, washer/dryer/fridge/stove/dishwasher",edmonds,72 days,1993,r2750447,rebgv,66.00 feet,66 ft x 113 ft (7458 ft²),built in 2023 (0 yrs old),113,1
7515 16th Avenue,"$1,799,000","$5,963",,4,3,duplex,,freehold nonstrata,2 storey,"heat recovery ventilator, hot water,radiant","garage door opener, heat recovery ventilator, smoke alarm","air conditioning, central air conditioning","in suite laundry, microwave, washer/dryer/fridge/stove/dishwasher",edmonds,72 days,1045,r2750450,rebgv,66.00 feet,66 ft x 113 ft (7458 ft²),built in 2023 (0 yrs old),113,1
7423 13 Avenue,"$629,900","$1,765",$400,2,1,townhouse,,freehold strata,2 storey w/bsmt.,forced air,"garage door opener, smoke alarm","golf course nearby, recreation nearby, shopping nearby","in suite laundry, microwave, washer/dryer/fridge/stove/dishwasher",edmonds,81 days,2855,r2748557,rebgv,,,built in 1973 (50 yrs old),,1
2 7136 18th Avenue,"$999,900",,,,,,,,,,,,,,,,,,,,,,
7675 Burgess Street,"$2,498,000","$3,757",,5,6,house,,freehold nonstrata,3 storey,"hot water,radiant","drapes/window coverings, garage door opener, security system, vacuum - built in","air conditioning, shopping nearby","microwave, washer/dryer/fridge/stove/dishwasher, wine cooler",edmonds,138 days,1691,r2741101,rebgv,33.00 feet,33 ft x 110 ft (3630 ft²),built in 2023 (0 yrs old),110,2
2507 7303 Noble Lane,"$898,000",,,,,,,,,,,,,,,,,,,,,,
2501 7088 18th Avenue,"$699,000",,,,,,,,,,,,,,,,,,,,,,
13 7136 18th Avenue,"$698,888",,,,,,,,,,,,,,,,,,,,,,
2309 7088 18th Avenue,"$668,000","$1,637",$322,1,1,apt/condo,,freehold strata,upper unit,baseboard,"elevator, garden","exercise room, hot tub, recreation nearby, shopping nearby","in suite laundry, washer/dryer/fridge/stove/dishwasher",edmonds,4 days,100,r2768320,rebgv,,,built in 2007 (16 yrs old),,0
7333 Ethel Avenue,"$1,858,888",,,,,,,,,,,,,,,,,,,,,,
2501 7303 Noble Lane,"$678,000","$1,650",$250,1,1,apt/condo,,freehold strata,"1 storey,upper unit",heat pump,,"central air conditioning, recreation nearby, shopping nearby",washer/dryer/fridge/stove/dishwasher,edmonds,6 days,45,r2766669,rebgv,,,built in 2019 (4 yrs old),,0
810 7303 Noble Lane,"$838,000",,,,,,,,,,,,,,,,,,,,,,
2602 7088 18th Avenue,"$849,900","$1,984",$417,2,2,apt/condo,,freehold strata,1 storey,"baseboard,electric",,"exercise room, sauna",,edmonds,7 days,201,r2766599,rebgv,,,built in 2007 (16 yrs old),,0
8768 Armstrong Avenue,"$3,098,000",,,,,,,,,,,,,,,,,,,,,,
43 8533 Cumberland Place,"$1,150,000","$2,746",$282,4,3,townhouse,,freehold strata,2 storey w/bsmt.,"baseboard,electric","cul-de-sac, drapes/window coverings","recreation nearby, shopping nearby",washer/dryer/fridge/stove/dishwasher,the crest,1 day,,r2768453,rebgv,,,built in 2005 (18 yrs old),,1
8768 Armstrong Avenue,"$3,098,000",,,,,,,,,,,,,,,,,,,,,,
8871 Monroe Avenue,"$3,188,000",,,,,,,,,,,,,,,,,,,,,,
647 E Columbia Street,"$1,449,500","$5,011",,2,1,house,,freehold nonstrata,rancher/bungalow w/loft,,,,,the crest,7 days,146,r2766239,rebgv,55.00 feet,9268 ft²,built in 1951 (72 yrs old),,1
550 Richmond Street,"$2,999,800","$7,579",,5,4,house,,freehold nonstrata,3 storey w/bsmt,"natural gas,radiant",,"shopping nearby, storage",washer/dryer/fridge/stove/dishwasher,the crest,15 days,222,r2764505,rebgv,50.00 feet,50 ft x 122 ft (6100 ft²),built in 2021 (2 yrs old),122,1
8887 15th Avenue,"$2,988,000",$0,,7,6,house,,freehold nonstrata,2 storey w/bsmt.,radiant,"cul-de-sac, drapes/window coverings, garage door opener, security system, smoke alarm, vacuum - built in","air conditioning, central air conditioning, recreation nearby, shopping nearby","compactor - garbage, in suite laundry, microwave, washer/dryer/fridge/stove/dishwasher",the crest,105 days,1364,r2743671,rebgv,46.38 feet,46 ft x 98 ft (4587 ft²),built in 2022 (1 yrs old),98.88,1
4311 4650 Brentwood Boulevard,"$975,000","$2,608",$503,2,2,apt/condo,,freehold strata,corner unit,"baseboard,electric",elevator,"exercise room, recreation nearby, sauna, shopping nearby","in suite laundry, washer/dryer/fridge/stove/dishwasher",brentwood park,5 days,208,r2768056,rebgv,,,built in 2021 (2 yrs old),,0
3810 4510 Halifax Way,"$685,000","$1,645",$317,1,1,apt/condo,,freehold strata,upper unit,"baseboard,electric","elevator, smoke alarm",exercise room,"in suite laundry, microwave, refrigerator, washer/dryer/fridge/stove/dishwasher",brentwood park,22 days,821,r2762706,rebgv,,,built in 2019 (4 yrs old),,0
2001 2388 Madison Avenue,"$929,900","$2,512",$405,2,2,apt/condo,,freehold strata,1 storey,"baseboard,electric",,"bike room, golf course nearby, hot tub, recreation nearby, sauna, shopping nearby","in suite laundry, washer/dryer/fridge/stove/dishwasher",brentwood park,22 days,1102,r2762508,rebgv,,,built in 2019 (4 yrs old),,0
3810 4510 Halifax Way,"$685,000",,,,,,,,,,,,,,,,,,,,,,
2602 1788 Gilmore Avenue,"$998,000","$2,389",$427,2,2,apt/condo,,freehold strata,"1 storey,corner unit",baseboard,"elevator, security system","air conditioning, bike room, exercise room, hot tub, recreation nearby, sauna, shopping nearby","in suite laundry, microwave, washer/dryer/fridge/stove/dishwasher",brentwood park,7 days,382,r2766567,rebgv,,,built in 2019 (4 yrs old),,0
406 4465 Juneau Street,"$635,000",,,,,,,,,,,,,,,,,,,,,,
1205 1788 Gilmore Avenue,"$949,999","$2,457",$437,2,2,apt/condo,,freehold strata,"corner unit,upper unit",forced air,,"air conditioning, bike room, central air conditioning, exercise room, hot tub, recreation nearby, sauna, shopping nearby","in suite laundry, microwave, washer/dryer/fridge/stove/dishwasher",brentwood park,1 day,,r2768812,rebgv,,,built in 2019 (4 yrs old),,0
2103 4485 Skyline Drive,"$959,000",,,,,,,,,,,,,,,,,,,,,,
5608 4510 Halifax Way,"$709,000","$1,725",$317,1,1,apt/condo,,freehold strata,upper unit,"baseboard,electric","elevator, smoke alarm",exercise room,"in suite laundry, washer/dryer/fridge/stove/dishwasher",brentwood park,1 day,,r2768619,rebgv,,,built in 2019 (4 yrs old),,0
4311 4650 Brentwood Boulevard,"$975,000","$2,608",$503,2,2,apt/condo,,freehold strata,corner unit,"baseboard,electric",elevator,"exercise room, recreation nearby, sauna, shopping nearby","in suite laundry, washer/dryer/fridge/stove/dishwasher",brentwood park,5 days,208,r2768056,rebgv,,,built in 2021 (2 yrs old),,0
2502 4189 Halifax Street,"$658,000",,,,,,,,,,,,,,,,,,,,,,
1501 4488 Juneau Street,"$1,288,900","$2,958",$594,2,2,apt/condo,,freehold strata,"1 storey,corner unit","heat pump,mixed,natural gas","drapes/window coverings, elevator, garden, intercom, smoke alarm, sprinkler - fire, windows - thermo","air conditioning, central air conditioning, exercise room, recreation nearby, shopping nearby, wheelchair access","disposal - waste, microwave, washer/dryer/fridge/stove/dishwasher",brentwood park,5 days,110,r2767986,rebgv,,,built in 2021 (2 yrs old),,0
3501 2388 Madison Avenue,"$995,000","$2,620",$405,2,2,apt/condo,,freehold strata,corner unit,"baseboard,electric","cul-de-sac, elevator, garden, oven - built in, pantry, smoke alarm, sprinkler - fire","bike room, central air conditioning, exercise room, golf course nearby, recreation nearby, sauna, shopping nearby, storage","microwave, refrigerator, washer/dryer/fridge/stove/dishwasher",brentwood park,5 days,167,r2767813,rebgv,,,built in 2020 (3 yrs old),,0
801 4182 Dawson Street,"$589,900",,,,,,,,,,,,,,,,,,,,,,
211 4868 Brentwood Drive,"$618,800",,,,,,,,,,,,,,,,,,,,,,
4741 Ridgelawn Drive,"$1,838,000","$5,671",,3,1,house,,freehold nonstrata,2 storey,,,"golf course nearby, recreation nearby, shopping nearby",,brentwood park,6 days,458,r2767616,rebgv,60.00 feet,7260 ft²,built in 1955 (68 yrs old),,1
4708 4730 Lougheed Highway,"$1,598,000","$2,063",$726,3,3,apt/condo,,freehold strata,"corner unit,upper unit","forced air,heat pump","drapes/window coverings, elevator, garage door opener, garden, oven - built in, smoke alarm","air conditioning, bike room, exercise room, shopping nearby","disposal - waste, in suite laundry, microwave, range top, washer/dryer/fridge/stove/dishwasher",brentwood park,6 days,164,r2767545,rebgv,,,built in 2023 (0 yrs old),,0
106 4788 Brentwood Drive,"$739,900","$1,759",$390,2,2,apt/condo,,freehold strata,"end unit,ground level unit","baseboard,electric",elevator,"recreation nearby, shopping nearby, storage","in suite laundry, washer/dryer/fridge/stove/dishwasher",brentwood park,6 days,415,r2767528,rebgv,,,built in 2008 (15 yrs old),,0
302 2138 Madison Avenue,"$998,000",,,,,,,,,,,,,,,,,,,,,,
2808 2085 Skyline Court,"$1,218,000","$2,598",$580,2,2,apt/condo,,freehold strata,corner unit,,,"recreation nearby, shopping nearby",,brentwood park,7 days,158,r2767057,rebgv,,,built in 2021 (2 yrs old),,0
503 4400 Buchanan Street,"$759,900","$1,958",$443,2,2,apt/condo,,freehold strata,1 storey,"baseboard,electric","drapes/window coverings, garden, smoke alarm","exercise room, sauna, storage","in suite laundry, washer/dryer/fridge/stove/dishwasher",brentwood park,7 days,678,r2766828,rebgv,,,built in 2010 (13 yrs old),,0
1601 4182 Dawson Street,"$598,000","$1,553",$376,1,1,apt/condo,,freehold strata,1 storey,baseboard,"drapes/window coverings, elevator, smoke alarm, sprinkler - fire","bike room, exercise room, hot tub, recreation nearby, sauna, shopping nearby, wheelchair access","in suite laundry, microwave, washer/dryer/fridge/stove/dishwasher",brentwood park,7 days,318,r2766814,rebgv,,,built in 2007 (16 yrs old),,0
2602 1788 Gilmore Avenue,"$998,000","$2,389",$427,2,2,apt/condo,,freehold strata,"1 storey,corner unit",baseboard,"elevator, security system","air conditioning, bike room, exercise room, hot tub, recreation nearby, sauna, shopping nearby","in suite laundry, microwave, washer/dryer/fridge/stove/dishwasher",brentwood park,7 days,382,r2766567,rebgv,,,built in 2019 (4 yrs old),,0
705 4182 Dawson Street,"$599,000",,,,,,,,,,,,,,,,,,,,,,
3206 4730 Lougheed Highway,"$698,000",,,,,,,,,,,,,,,,,,,,,,
4311 4650 Brentwood Boulevard,"$975,000","$2,608",$503,2,2,apt/condo,,freehold strata,corner unit,"baseboard,electric",elevator,"exercise room, recreation nearby, sauna, shopping nearby","in suite laundry, washer/dryer/fridge/stove/dishwasher",brentwood park,5 days,208,r2768056,rebgv,,,built in 2021 (2 yrs old),,0
2001 2388 Madison Avenue,"$929,900","$2,512",$405,2,2,apt/condo,,freehold strata,1 storey,"baseboard,electric",,"bike room, golf course nearby, hot tub, recreation nearby, sauna, shopping nearby","in suite laundry, washer/dryer/fridge/stove/dishwasher",brentwood park,22 days,1102,r2762508,rebgv,,,built in 2019 (4 yrs old),,0
2001 2388 Madison Avenue,"$929,900","$2,512",$405,2,2,apt/condo,,freehold strata,1 storey,"baseboard,electric",,"bike room, golf course nearby, hot tub, recreation nearby, sauna, shopping nearby","in suite laundry, washer/dryer/fridge/stove/dishwasher",brentwood park,22 days,1102,r2762508,rebgv,,,built in 2019 (4 yrs old),,0
4311 4650 Brentwood Boulevard,"$975,000","$2,608",$503,2,2,apt/condo,,freehold strata,corner unit,"baseboard,electric",elevator,"exercise room, recreation nearby, sauna, shopping nearby","in suite laundry, washer/dryer/fridge/stove/dishwasher",brentwood park,5 days,208,r2768056,rebgv,,,built in 2021 (2 yrs old),,0
406 4465 Juneau Street,"$635,000",,,,,,,,,,,,,,,,,,,,,,
1205 1788 Gilmore Avenue,"$949,999","$2,457",$437,2,2,apt/condo,,freehold strata,"corner unit,upper unit",forced air,,"air conditioning, bike room, central air conditioning, exercise room, hot tub, recreation nearby, sauna, shopping nearby","in suite laundry, microwave, washer/dryer/fridge/stove/dishwasher",brentwood park,1 day,,r2768812,rebgv,,,built in 2019 (4 yrs old),,0
2103 4485 Skyline Drive,"$959,000","$2,356",$582,2,2,apt/condo,,freehold strata,corner unit,geothermal,drapes/window coverings,"air conditioning, exercise room, recreation nearby, shopping nearby","disposal - waste, in suite laundry, microwave, washer/dryer/fridge/stove/dishwasher",brentwood park,1 day,,r2768735,rebgv,,,built in 2017 (6 yrs old),,0
5608 4510 Halifax Way,"$709,000","$1,725",$317,1,1,apt/condo,,freehold strata,upper unit,"baseboard,electric","elevator, smoke alarm",exercise room,"in suite laundry, washer/dryer/fridge/stove/dishwasher",brentwood park,1 day,,r2768619,rebgv,,,built in 2019 (4 yrs old),,0
4311 4650 Brentwood Boulevard,"$975,000","$2,608",$503,2,2,apt/condo,,freehold strata,corner unit,"baseboard,electric",elevator,"exercise room, recreation nearby, sauna, shopping nearby","in suite laundry, washer/dryer/fridge/stove/dishwasher",brentwood park,5 days,208,r2768056,rebgv,,,built in 2021 (2 yrs old),,0
2502 4189 Halifax Street,"$658,000",,,,,,,,,,,,,,,,,,,,,,
1501 4488 Juneau Street,"$1,288,900","$2,958",$594,2,2,apt/condo,,freehold strata,"1 storey,corner unit","heat pump,mixed,natural gas","drapes/window coverings, elevator, garden, intercom, smoke alarm, sprinkler - fire, windows - thermo","air conditioning, central air conditioning, exercise room, recreation nearby, shopping nearby, wheelchair access","disposal - waste, microwave, washer/dryer/fridge/stove/dishwasher",brentwood park,5 days,110,r2767986,rebgv,,,built in 2021 (2 yrs old),,0
3501 2388 Madison Avenue,"$995,000","$2,620",$405,2,2,apt/condo,,freehold strata,corner unit,"baseboard,electric","cul-de-sac, elevator, garden, oven - built in, pantry, smoke alarm, sprinkler - fire","bike room, central air conditioning, exercise room, golf course nearby, recreation nearby, sauna, shopping nearby, storage","microwave, refrigerator, washer/dryer/fridge/stove/dishwasher",brentwood park,5 days,167,r2767813,rebgv,,,built in 2020 (3 yrs old),,0
801 4182 Dawson Street,"$589,900",,,,,,,,,,,,,,,,,,,,,,
211 4868 Brentwood Drive,"$618,800",,,,,,,,,,,,,,,,,,,,,,
4741 Ridgelawn Drive,"$1,838,000","$5,671",,3,1,house,,freehold nonstrata,2 storey,,,"golf course nearby, recreation nearby, shopping nearby",,brentwood park,6 days,458,r2767616,rebgv,60.00 feet,7260 ft²,built in 1955 (68 yrs old),,1
4708 4730 Lougheed Highway,"$1,598,000",,,,,,,,,,,,,,,,,,,,,,
106 4788 Brentwood Drive,"$739,900",,,,,,,,,,,,,,,,,,,,,,
302 2138 Madison Avenue,"$998,000","$2,389",$453,3,2,apt/condo,,freehold strata,"corner unit,upper unit","baseboard,electric","cul-de-sac, drapes/window coverings, smoke alarm","bike room, exercise room, hot tub, recreation nearby, sauna, shopping nearby, storage","in suite laundry, microwave, washer/dryer/fridge/stove/dishwasher",brentwood park,6 days,591,r2767419,rebgv,,,built in 2005 (18 yrs old),,0
2808 2085 Skyline Court,"$1,218,000","$2,598",$580,2,2,apt/condo,,freehold strata,corner unit,,,"recreation nearby, shopping nearby",,brentwood park,7 days,158,r2767057,rebgv,,,built in 2021 (2 yrs old),,0
503 4400 Buchanan Street,"$759,900",,,,,,,,,,,,,,,,,,,,,,
1601 4182 Dawson Street,"$598,000","$1,553",$376,1,1,apt/condo,,freehold strata,1 storey,baseboard,"drapes/window coverings, elevator, smoke alarm, sprinkler - fire","bike room, exercise room, hot tub, recreation nearby, sauna, shopping nearby, wheelchair access","in suite laundry, microwave, washer/dryer/fridge/stove/dishwasher",brentwood park,7 days,318,r2766814,rebgv,,,built in 2007 (16 yrs old),,0
2602 1788 Gilmore Avenue,"$998,000",,,,,,,,,,,,,,,,,,,,,,
705 4182 Dawson Street,"$599,000",,,,,,,,,,,,,,,,,,,,,,
3206 4730 Lougheed Highway,"$698,000",$0,$316,1,1,apt/condo,,freehold strata,1 storey,heat pump,"drapes/window coverings, elevator, garage door opener, smoke alarm","air conditioning, bike room, central air conditioning, exercise room, recreation nearby, shopping nearby","in suite laundry, washer/dryer/fridge/stove/dishwasher",brentwood park,12 days,355,r2765965,rebgv,,,built in 2023 (0 yrs old),,0
5055 Georgia Street,"$2,450,000",,,,,,,,,,,,,,,,,,,,,,
12 N Holdom Avenue,"$1,799,000","$5,174",,4,3,house,,freehold nonstrata,2 storey,"hot water,natural gas","drapes/window coverings, fireplace insert, windows - thermo",,"microwave, washer/dryer/fridge/stove/dishwasher",capitol hill,1 day,,r2768518,rebgv,46.00 feet,46 ft x 122 ft (5612 ft²),built in 1959 (64 yrs old),122,0
55 N Fell Avenue,"$1,599,000",,,,,,,,,,,,,,,,,,,,,,
24 N Stratford Avenue,"$1,950,000",,,,,,,,,,,,,,,,,,,,,,
206 N Ellesmere Avenue,"$3,990,000",,,,,,,,,,,,,,,,,,,,,,
128 Fell Avenue,"$1,466,999","$4,515",,3,2,house,,freehold nonstrata,1 1/2 storey,forced air,,"recreation nearby, shopping nearby",washer/dryer/fridge/stove/dishwasher,capitol hill,32 days,2010,r2760718,rebgv,33.00 feet,33 ft x 122 ft (4026 ft²),built in 1929 (94 yrs old),122,0
21 Hythe Avenue,"$2,968,000","$5,666",,3,3,house,,freehold nonstrata,reverse 2 storey w/bsmt,"natural gas,radiant","oven - built in, security system","air conditioning, recreation nearby, shopping nearby, swimming pool equipment","clothes washer/dryer, dishwasher, disposal - waste, microwave, range top, refrigerator",capitol hill,43 days,738,r2757656,rebgv,33.00 feet,33 ft x 122 ft (4026 ft²),built in 2004 (19 yrs old),122,1
173 N Howard Avenue,"$2,138,000",,,,,,,,,,,,,,,,,,,,,,
5480 Pandora Street,"$3,398,000","$8,799",,8,6,house,,freehold nonstrata,2 storey w/bsmt.,heat pump,drapes/window coverings,"golf course nearby, recreation nearby, shopping nearby",washer/dryer/fridge/stove/dishwasher,capitol hill,56 days,1758,r2754422,rebgv,63.60 feet,63 ft x 125 ft (7945 ft²),built in 2011 (12 yrs old),125,1
202 5688 Hastings Street,"$625,000","$1,454",$382,1,1,apt/condo,,freehold strata,1 storey,"baseboard,electric",,storage,"in suite laundry, microwave, washer/dryer/fridge/stove/dishwasher",capitol hill,215 days,1317,r2723886,rebgv,,,built in 2013 (10 yrs old),,0
4858 Pender Street,"$2,998,000",$0,,6,5,house,,freehold nonstrata,"2 storey w/bsmt.,3 storey","heat recovery ventilator, heat pump,radiant","drapes/window coverings, garage door opener, heat recovery ventilator, oven - built in, vacuum - built in",air conditioning,"disposal - waste, in suite laundry, microwave, washer/dryer/fridge/stove/dishwasher",capitol hill,250 days,4761,r2715662,rebgv,33.00 feet,33 ft x 122 ft (4026 ft²),built in 2022 (1 yrs old),122,2
110 N Warwick Avenue,"$2,625,000",,,,,,,,,,,,,,,,,,,,,,
21 N Grosvenor Avenue,"$2,180,000",,,,,,,,,,,,,,,,,,,,,,
5140 Hastings Street,"$765,000","$1,483",$576,3,1,townhouse,,freehold strata,"corner unit,upper unit","baseboard,hot water","drapes/window coverings, garage door opener, vaulted ceiling","bike room, recreation nearby, shopping nearby, storage","in suite laundry, washer/dryer/fridge/stove/dishwasher",capitol hill,18 days,1666,r2764175,rebgv,,,built in 1983 (40 yrs old),,0
319 4788 Hastings Street,"$789,900",$0,$372,2,2,apt/condo,,freehold strata,1 storey,forced air,"elevator, garden","central air conditioning, storage",,capitol hill,54 days,1328,r2754913,rebgv,,,built in 2024 (-1 yrs old),,0
101 N Sea Avenue,"$1,598,800",,,,,,,,,,,,,,,,,,,,,,
4830 Bessborough Drive,"$1,699,000",,,,,,,,,,,,,,,,,,,,,,
395 N Hythe Avenue,"$2,850,000",,,,,,,,,,,,,,,,,,,,,,
185 N Ranelagh Avenue,"$1,880,000","$4,913",,6,2,house,,freehold nonstrata,2 storey,forced air,,,"clothes washer/dryer, in suite laundry, refrigerator, stove",capitol hill,152 days,1573,r2738344,rebgv,33.00 feet,33 ft x 122 ft (0 ft²),built in 1972 (51 yrs old),122,0
5681 Highfield Drive,"$2,288,888",,,,,,,,,,,,,,,,,,,,,,
415 9283 Government Street,"$589,000",,,,,,,,,,,,,,,,,,,,,,
1307 9623 Manchester Drive,"$649,000","$1,565",$318,2,2,apt/condo,,freehold strata,1 storey,electric,"drapes/window coverings, smoke alarm, sprinkler - fire","exercise room, golf course nearby, hot tub, recreation nearby, sauna, shopping nearby","in suite laundry, washer/dryer/fridge/stove/dishwasher",cariboo,20 days,669,r2763631,rebgv,,,built in 1995 (28 yrs old),,0
205 9890 Manchester Drive,"$524,999","$1,191",$400,2,1,apt/condo,,freehold strata,"corner unit,ground level unit",baseboard,"elevator, garage door opener, garden","recreation nearby, shopping nearby, wheelchair access","in suite laundry, washer/dryer/fridge/stove/dishwasher",cariboo,7 days,166,r2766756,rebgv,,,built in 1982 (41 yrs old),,0
1603 9603 Manchester Drive,"$748,000","$2,063",$453,3,2,apt/condo,,freehold strata,"1 storey,upper unit","baseboard,electric","elevator, garden","exercise room, recreation nearby, shopping nearby","in suite laundry, washer/dryer/fridge/stove/dishwasher",cariboo,13 days,557,r2765319,rebgv,,,built in 1994 (29 yrs old),,0
106 9584 Manchester Drive,"$529,800",,,,,,,,,,,,,,,,,,,,,,
9969 Millburn Court,"$849,000","$2,049",$414,3,1,townhouse,,freehold strata,2 storey,"baseboard,electric","cul-de-sac, garden, smoke alarm, storage shed","shopping nearby, storage",washer/dryer/fridge/stove/dishwasher,cariboo,25 days,846,r2762262,rebgv,,,built in 1977 (46 yrs old),,1
305 9857 Manchester Drive,"$429,000","$1,015",$372,1,1,apt/condo,,freehold strata,upper unit,"baseboard,electric",elevator,"exercise room, shared laundry",,cariboo,36 days,839,r2759085,rebgv,,,built in 1980 (43 yrs old),,0
605 9603 Manchester Drive,"$729,000","$1,986",$453,3,2,apt/condo,,freehold strata,"1 storey,corner unit","electric,natural gas","elevator, garden","exercise room, golf course nearby, recreation nearby, shopping nearby",washer/dryer/fridge/stove/dishwasher,cariboo,40 days,1111,r2758450,rebgv,,,built in 1995 (28 yrs old),,0
503 9603 Manchester Drive,"$918,880","$2,000",$453,3,2,apt/condo,,freehold strata,corner unit,electric,"drapes/window coverings, garage door opener, smoke alarm","bike room, exercise room, golf course nearby, hot tub, recreation nearby, shopping nearby","in suite laundry, microwave, washer/dryer/fridge/stove/dishwasher",cariboo,140 days,1773,r2740784,rebgv,,,built in 1994 (29 yrs old),,0
103 3738 Norfolk Street,"$620,000","$1,496",$524,2,2,apt/condo,,freehold strata,ground level unit,"baseboard,electric","cul-de-sac, garden","bike room, recreation nearby, shopping nearby, storage, wheelchair access","in suite laundry, washer/dryer/fridge/stove/dishwasher",central burnaby north,1 day,,r2768841,rebgv,,,built in 1993 (30 yrs old),,0
103 3738 Norfolk Street,"$620,000","$1,496",$524,2,2,apt/condo,,freehold strata,ground level unit,"baseboard,electric","cul-de-sac, garden","bike room, recreation nearby, shopping nearby, storage, wheelchair access","in suite laundry, washer/dryer/fridge/stove/dishwasher",central burnaby north,1 day,,r2768841,rebgv,,,built in 1993 (30 yrs old),,0
3847 Regent Street,"$1,858,000","$4,867",,4,3,duplex,,freehold nonstrata,2 storey,"natural gas,radiant",,shopping nearby,washer/dryer/fridge/stove/dishwasher,central burnaby north,6 days,349,r2767563,rebgv,33.00 feet,33 ft x 122 ft (4026 ft²),built in 2014 (9 yrs old),122,1
2101 5333 Goring Street,"$948,000","$2,590",$565,2,2,apt/condo,,freehold strata,"corner unit,upper unit",heat pump,,"air conditioning, central air conditioning, exercise room, golf course nearby, hot tub, recreation nearby, shopping nearby","microwave, washer/dryer/fridge/stove/dishwasher",central burnaby north,8 days,1319,r2767066,rebgv,,,built in 2021 (2 yrs old),,0
40 3960 Canada Way,"$749,000","$1,506",$335,2,1,apt/condo,,freehold strata,"1 storey,ground level unit","baseboard,electric","garage door opener, garden","exercise room, hot tub, recreation nearby, shopping nearby, storage","in suite laundry, microwave, washer/dryer/fridge/stove/dishwasher",central burnaby north,19 days,953,r2764073,rebgv,,,built in 1984 (39 yrs old),,0
5935 Hardwick Street,"$1,249,900",,,,,,,,,,,,,,,,,,,,,,
6017 Sprott Street,"$1,349,999",,,,,,,,,,,,,,,,,,,,,,
6019 Sprott Street,"$1,349,999",$0,$0,3,2,duplex,,freehold strata,2 storey,"forced air,radiant","drapes/window coverings, security - roughed in","air conditioning, recreation nearby, shopping nearby",washer/dryer/fridge/stove/dishwasher,central burnaby north,47 days,1707,r2755421,rebgv,33.00 feet,33 ft x 33 ft (3605 ft²),built in 2023 (0 yrs old),33.27,1
707 5311 Goring Street,"$660,000",$0,$427,1,1,apt/condo,,freehold strata,upper unit,electric,elevator,"central air conditioning, exercise room, shopping nearby, storage",washer/dryer/fridge/stove/dishwasher,central burnaby north,56 days,454,r2754049,rebgv,,,built in 2021 (2 yrs old),,0
3005 5333 Goring Street,"$1,189,900","$3,118",$543,2,2,apt/condo,,freehold strata,"corner unit,upper unit","heat pump,hot water","garden, smoke alarm, sprinkler - fire","air conditioning, central air conditioning, exercise room, hot tub, shopping nearby, storage","microwave, washer/dryer/fridge/stove/dishwasher",central burnaby north,67 days,395,r2752288,rebgv,,,built in 2021 (2 yrs old),,0
810 5311 Goring Street,"$948,000","$2,500",$637,2,2,apt/condo,,freehold strata,corner unit,heat pump,elevator,"air conditioning, central air conditioning, exercise room",washer/dryer/fridge/stove/dishwasher,central burnaby north,76 days,376,r2749850,rebgv,,,built in 2021 (2 yrs old),,0
709 5311 Goring Street,"$655,000",,,,,,,,,,,,,,,,,,,,,,
1408 5311 Goring Street,"$675,000",,,,,,,,,,,,,,,,,,,,,,
214 3738 Norfolk Street,"$498,000","$1,212",$410,1,1,apt/condo,,freehold strata,"2 storey,penthouse","baseboard,electric",garden,"bike room, exercise room, recreation nearby, shopping nearby","in suite laundry, washer/dryer/fridge/stove/dishwasher",central burnaby north,1 day,,r2768723,rebgv,,,built in 1993 (30 yrs old),,0
6009 Sprott Street,"$1,349,888",,,,,,,,,,,,,,,,,,,,,,
6007 Sprott Street,"$1,349,888",$0,$0,3,3,duplex,,freehold strata,2 storey,"forced air,natural gas,radiant","drapes/window coverings, garage door opener, security - roughed in, smoke alarm","air conditioning, central air conditioning, recreation nearby, shopping nearby",washer/dryer/fridge/stove/dishwasher,central burnaby north,1 day,,r2768545,rebgv,33.01 feet,33 ft x 109 ft (3605 ft²),built in 2023 (0 yrs old),109.15,0
2102 5333 Goring Street,"$688,880","$1,799",$372,1,1,apt/condo,,freehold strata,upper unit,heat pump,,"air conditioning, central air conditioning, exercise room, hot tub","dishwasher, microwave, stove, washer/dryer/fridge/stove/dishwasher",central burnaby north,6 days,233,r2767865,rebgv,,,built in 2021 (2 yrs old),,0
103 3888 Norfolk Street,"$574,800","$1,478",$200,1,1,townhouse,,freehold strata,upper unit,forced air,"cul-de-sac, fireplace insert, storage shed",shopping nearby,"in suite laundry, washer/dryer/fridge/stove/dishwasher",central burnaby north,7 days,395,r2766627,rebgv,,,built in 2009 (14 yrs old),,0
606 5333 Goring Street,"$669,000","$1,740",$372,1,1,apt/condo,,freehold strata,5 plus level,heat pump,"elevator, garden","air conditioning, central air conditioning, exercise room, hot tub, recreation nearby, sauna, shopping nearby, storage","microwave, washer/dryer/fridge/stove/dishwasher",central burnaby north,7 days,89,r2766469,rebgv,,,built in 2021 (2 yrs old),,0
2103 2225 Holdom Avenue,"$999,000","$2,520",$488,2,2,apt/condo,,freehold strata,corner unit,"baseboard,electric","garage door opener, hot tub spa/swirlpool, intercom, storage shed","bike room, exercise room, hot tub, recreation nearby, sauna, shopping nearby, storage","compactor - garbage, microwave, washer/dryer/fridge/stove/dishwasher",central burnaby north,7 days,111,r2766453,rebgv,,,built in 2007 (16 yrs old),,0
412 3183 Esmond Avenue,"$599,900","$1,604",$631,2,2,apt/condo,,freehold strata,"1 storey,inside unit","baseboard,electric","drapes/window coverings, elevator","recreation nearby, shopping nearby, storage, wheelchair access","in suite laundry, washer/dryer/fridge/stove/dishwasher",central burnaby north,13 days,1755,r2765548,rebgv,,,built in 1995 (28 yrs old),,0
103 3738 Norfolk Street,"$620,000","$1,496",$524,2,2,apt/condo,,freehold strata,ground level unit,"baseboard,electric","cul-de-sac, garden","bike room, recreation nearby, shopping nearby, storage, wheelchair access","in suite laundry, washer/dryer/fridge/stove/dishwasher",central burnaby north,1 day,,r2768841,rebgv,,,built in 1993 (30 yrs old),,0
1003 5311 Goring Street,"$668,000",,,,,,,,,,,,,,,,,,,,,,
2506 5611 Goring Street,"$869,000","$2,224",$413,2,2,apt/condo,,freehold strata,"end unit,upper unit",baseboard,"elevator, garden, smoke alarm","exercise room, hot tub, sauna, shopping nearby, storage",washer/dryer/fridge/stove/dishwasher,central burnaby north,19 days,185,r2763782,rebgv,,,built in 2008 (15 yrs old),,0
1603 2225 Holdom Avenue,"$999,000","$2,483",$488,2,2,apt/condo,,freehold strata,"corner unit,end unit","baseboard,electric","elevator, garden","exercise room, hot tub, recreation nearby, sauna, shopping nearby","in suite laundry, microwave, washer/dryer/fridge/stove/dishwasher",central burnaby north,20 days,316,r2763544,rebgv,,,built in 2007 (16 yrs old),,0
4104 2108 Gilmore Avenue,"$1,165,900",,,,,,,,,,,,,,,,,,,,,,
1706 5333 Goring Street,"$938,000","$2,487",$483,2,2,apt/condo,,freehold strata,"corner unit,upper unit",heat pump,"drapes/window coverings, elevator, garden, smoke alarm, sprinkler - fire, sprinkler - inground","air conditioning, central air conditioning, exercise room, hot tub, storage","microwave, refrigerator, washer/dryer/fridge/stove/dishwasher",central burnaby north,28 days,101,r2761211,rebgv,,,built in 2021 (2 yrs old),,0
705 5311 Goring Street,"$659,000","$1,778",$427,1,1,apt/condo,,freehold strata,1 storey,heat pump,"drapes/window coverings, elevator, garden, smoke alarm","central air conditioning, exercise room, hot tub, storage","dishwasher, disposal - waste, in suite laundry, washer/dryer/fridge/stove/dishwasher",central burnaby north,35 days,716,r2759246,rebgv,,,built in 2021 (2 yrs old),,0
5137 Dominion Street,"$1,399,000",$0,$0,4,3,duplex,,freehold strata,2 storey,"heat recovery ventilator, radiant","fireplace insert, heat recovery ventilator, security system, smoke alarm","air conditioning, recreation nearby, shopping nearby",washer/dryer/fridge/stove/dishwasher,central burnaby north,35 days,2646,r2760188,rebgv,,0 ft²,built in 2023 (0 yrs old),,1
2209 5333 Goring Street,"$938,800","$2,598",$565,2,2,apt/condo,,freehold strata,"corner unit,upper unit",heat pump,"drapes/window coverings, elevator, garage door opener, smoke alarm, sprinkler - fire","air conditioning, central air conditioning, exercise room, hot tub, shopping nearby, storage","in suite laundry, microwave, washer/dryer/fridge/stove/dishwasher",central burnaby north,35 days,151,r2759639,rebgv,,,built in 2021 (2 yrs old),,0
2378 Douglas Road,"$1,599,000",,,,,,,,,,,,,,,,,,,,,,
901 5311 Goring Street,"$948,000","$2,509",$637,2,2,apt/condo,,freehold strata,corner unit,heat pump,"drapes/window coverings, elevator, garage door opener, garden, oven - built in, smoke alarm, sprinkler - fire","air conditioning, central air conditioning, exercise room, hot tub, sauna, shopping nearby","in suite laundry, washer/dryer/fridge/stove/dishwasher",central burnaby north,55 days,119,r2754627,rebgv,,,built in 2021 (2 yrs old),,0
1 4687 Canada Way,"$1,198,000","$2,820",$0,3,2,duplex,,freehold strata,2 storey,natural gas,"drapes/window coverings, garden","recreation nearby, shopping nearby","clothes dryer, clothes washer, dishwasher, in suite laundry, refrigerator, stove",central burnaby north,61 days,1578,r2753412,rebgv,33.00 feet,33 ft x 105 ft (0 ft²),built in 2004 (19 yrs old),105,1
1405 5311 Goring Street,"$988,000","$2,523",$486,2,2,apt/condo,,freehold strata,"corner unit,upper unit",heat pump,"elevator, smoke alarm, sprinkler - fire","air conditioning, central air conditioning, exercise room, hot tub, recreation nearby, shopping nearby, storage","microwave, washer/dryer/fridge/stove/dishwasher",central burnaby north,77 days,189,r2749656,rebgv,,,built in 2021 (2 yrs old),,0
1301 5333 Goring Street,"$868,000","$2,487",$484,2,2,apt/condo,,freehold strata,corner unit,heat pump,"drapes/window coverings, elevator, garage door opener, smoke alarm, sprinkler - fire","air conditioning, central air conditioning, exercise room, hot tub, shopping nearby, storage","in suite laundry, washer/dryer/fridge/stove/dishwasher",central burnaby north,99 days,985,r2744805,rebgv,,,built in 2021 (2 yrs old),,0
2411 2108 Gilmore Avenue,"$1,123,900",,$392,2,2,apt/condo,,freehold strata,1 storey,forced air,"drapes/window coverings, elevator, oven - built in, pantry, security - roughed in, smoke alarm, sprinkler - fire","air conditioning, central air conditioning, exercise room, hot tub, recreation nearby, sauna, shopping nearby","microwave, washer/dryer/fridge/stove/dishwasher",central burnaby north,102 days,209,r2744349,rebgv,,,built in 2024 (-1 yrs old),,0
4806 2108 Gilmore Avenue,"$967,900",,,,,,,,,,,,,,,,,,,,,,
2105 5311 Goring Street,"$978,000",,,,,,,,,,,,,,,,,,,,,,
1109 5333 Goring Street,"$898,800","$2,487",$484,2,2,apt/condo,,freehold strata,5 plus level,heat pump,"elevator, hot tub spa/swirlpool, smoke alarm, sprinkler - inground","air conditioning, central air conditioning, exercise room, hot tub, recreation nearby, shopping nearby, storage","in suite laundry, microwave, washer/dryer/fridge/stove/dishwasher",central burnaby north,185 days,432,r2731573,rebgv,,,built in 2021 (2 yrs old),,0
2106 5311 Goring Street,"$1,138,000",,,,,,,,,,,,,,,,,,,,,,
5431 Laurel Street,"$2,500,000","$4,628",,4,1,house,,freehold nonstrata,"2 storey w/bsmt.,basement entry","forced air,natural gas",storage shed,"recreation nearby, shopping nearby",,central burnaby north,341 days,800,r2688469,rebgv,82.40 feet,82 ft x 125 ft (10342 ft²),built in 1928 (95 yrs old),125.5,0
